Country,Power_Index_Rank,Power_Index_Score,Total_Population_By_Country,Available_Military_Manpower,Manpower_Fit_For_Military_Service,Manpower_Reaching_Military_Age_Annually,Active_Military_Manpower,Active_Reserve_Military_Manpower,Manpower_Paramilitary,Capital City,Region,Continent,Alliance,Year,Aircraft_Total,Aircraft_Total_Fighters,Aircraft_Total_Attack_Types,Aircraft_Total_Transports,Aircraft_Total_Trainers,Aircraft_Total_Special_Mission,Aircraft_Total_Tanker_Fleet,Aircraft_Helicopters_Total,Aircraft_Helicopters_Attack,Armor_Tanks_Total,Armor_Apc_Total,Armor_Self_Propelled_Guns_Total,Armor_Towed_Artillery_Total,Armor_Mlrs_Total,Naval_Assets,Navy_Force_By_Tonnage,Navy_Aircraft_Carriers,Navy_Helo_Carriers,Navy_Submarines,Navy_Destroyers,Navy_Frigates,Navy_Corvettes,Navy_Patrol_Coastal_Craft,Navy_Mine_Warfare_Craft,Defense_Spending_Budget,External_Debt_By_Country,Purchasing_Power_Parity,Reserves_Of_Foreign_Exchange_And_Gold,Major_Serviceable_Airports_By_Country,Labor_Force_By_Country,Major_Ports_And_Terminals,Railway_Coverage,Roadway_Coverage,Oil_Production_By_Country,Oil_Consumption_By_Country,Proven_Oil_Reserves_By_Country,Natural_Gas_Production_By_Country,Natural_Gas_Consumption_By_Country,Proven_Natural_Gas_Reserves_By_Country,Coal_Production_By_Country,Coal_Consumption_By_Country,Proven_Coal_Reserves_By_Country,Square_Land_Area,Coastline_Coverage,Border_Coverage,Waterway_Coverage,Country_Encoded,Assets_Per_Capita,Defense_Budget_to_GDP_Ratio,Total_Personnel,Personnel_Density,Defense_Budget_Per_Soldier,Power_Index_Rank_Gap,Air_Power_Ratio,Armor_Intensity_Index,Naval_Strength_Per_Coastline,Military_Burden_Index,Total_Military_Assets
United States,1,0.0744,341963408,150463900,124816644,4445524,1328000,799500,0,"Washington, D.C.",North America,North America,NATO,2025,13043,1790,889,918,2647,647,605,5843,1002,4640,391963,671,1212,641,440,4168037,11,9,70,81,0,26,0,8,8.95E+11,2.23035E+13,2.4662E+13,7.73426E+11,15873,170549000,666,293564,6586610,20879000,20245000,38212000000,1.029E+12,9.14301E+11,1.3402E+13,548849000,476044000,2.48941E+11,9833517,19924,12002,41009,137,5.30E-05,0.03629065,2127500,0.006221426,673945.7831,0,0.009821536,0.000471856,0.022083919,2617.239094,18123
Russia,2,0.0788,140820810,69002197,46189226,1267387,1320000,2000000,250000,Moscow,Eastern Europe / Northern Asia,Europe,Others,2025,4292,833,689,456,611,141,19,1651,557,5750,131527,5168,8505,3005,419,1260447,1,0,63,10,12,83,123,47,1.26E+11,3.17651E+11,5.816E+12,5.97217E+11,904,72408000,67,85494,1283387,10727000,3684000,80000000000,6.1783E+11,4.72239E+11,4.7805E+13,508190000,310958000,1.62166E+11,17098242,37653,22407,102000,107,7.43E-05,0.021664374,3320000,0.023576061,95454.54545,1,0.003251515,0.000336292,0.011127931,894.7541205,10461
China,3,0.0788,1415043270,764123366,626864169,19810606,2035000,510000,625000,Beijing,East Asia,Asia,Others,2025,3309,1212,371,289,402,112,10,913,281,6800,144017,3490,1000,2750,754,2857143,3,4,61,50,47,72,150,36,2.6685E+11,1.21846E+12,3.1227E+13,3.45E+12,531,779246000,66,150000,5200000,4984000,15148000,26023000000,2.25341E+11,3.6616E+11,6.654E+12,4827000000,5313000000,1.43197E+11,9596960,14500,22457,27700,28,7.68E-06,0.008545489,2545000,0.001798532,131130.2211,2,0.001626044,0.000708558,0.052,188.5808057,10863
India,4,0.1184,1409128296,662290299,522786598,23955181,1455550,1155000,2527000,New Delhi,South Asia,Asia,Non-NATO,2025,2229,513,130,270,351,74,6,899,80,4201,148594,100,3975,264,293,593603,2,0,18,13,14,18,135,0,75000000000,3.71021E+11,1.3104E+13,6.27793E+11,311,593729000,56,65554,6371847,795000,5049000,4605000000,33170000000,58867000000,1.381E+12,985671000,1200000000,1.11052E+11,3287263,7000,13888,14500,53,4.77E-06,0.005723443,2610550,0.001852599,51526.91422,3,0.00153138,0.001277963,0.041857143,53.22439427,6723
South Korea,5,0.1656,52081799,26040900,21353538,416654,600000,3100000,120000,Seoul,East Asia,Asia,Non-NATO,2025,1592,315,98,41,318,36,4,807,111,2236,58880,3270,4400,426,227,344786,0,2,22,13,17,5,35,14,46300000000,5.0352E+11,2.615E+12,4.2093E+11,89,29611000,15,3979,100428,38000,2452000,0,55127000,59480000000,7079000000,15595000,136413000,326000000,99720,2413,237,1600,117,7.79E-05,0.017705545,3700000,0.071042093,77166.66667,4,0.002653333,0.022422784,0.094073767,888.9861888,4055
United Kingdom,6,0.1785,68459055,31491165,25192932,753050,184860,924000,0,London,Western Europe,Europe,NATO,2025,631,113,31,29,203,28,9,266,37,227,38200,71,126,29,109,394043,2,0,9,6,8,0,26,7,71500540000,9.59375E+12,3.7E+12,1.77915E+11,1043,35275000,185,16390,394428,753000,1397000,2500000000,37758000000,70141000000,1.80661E+11,1891000,8568000,26000000,243610,12429,443,3200,136,1.41E-05,0.01932447,1108860,0.016197419,386782.1054,5,0.003413394,0.000931817,0.008769813,1044.427797,967
France,7,0.1878,68374591,30084820,23794358,752121,200000,26000,150000,Paris,Western Europe,Europe,NATO,2025,976,226,0,119,141,44,16,448,68,215,110932,96,0,9,129,428765,1,3,9,11,11,0,20,17,55000000000,6.9921E+12,3.764E+12,2.40792E+11,689,31825000,66,27860,1053215,80000,1554000,61719000,20132000,37001000000,7787000000,2419000,12985000,160000000,643801,4853,4072,8501,43,1.93E-05,0.014612115,226000,0.003305321,275000,6,0.00488,0.000333954,0.026581496,804.3923802,1320
Japan,8,0.1839,123201945,52976836,42874277,1108818,247150,56000,25000,Tokyo,East Asia,Asia,Non-NATO,2025,1443,217,38,55,401,141,10,596,119,521,31964,149,480,54,159,769882,0,4,24,42,6,0,6,22,57000000000,4.6797E+12,5.761E+12,1.295E+12,279,69349000,163,27311,1218772,8000,3289000,44115000,2220000000,92843000000,20898000000,29141000,216332000,350000000,377915,29751,0,1770,61,1.72E-05,0.009894116,303150,0.002460594,230629.1726,7,0.00583856,0.001378617,0.005344358,462.6550336,2123
Turkiye,9,0.1902,84119531,42985080,36087279,1430032,355200,378700,150000,Ankara,Middle East,Asia,NATO,2025,1083,201,0,84,287,28,7,508,111,2238,61173,1038,1707,296,182,325729,0,1,13,0,17,9,41,11,47000000000,2.94441E+11,2.936E+12,1.40858E+11,115,35071000,54,11497,67333,83000,1077000,366000000,379701000,2887000000,3794000000,88746000,123976000,11525000000,783562,7200,2816,1200,131,4.16E-05,0.016008174,733900,0.00872449,132319.8198,8,0.003048986,0.002856188,0.025277778,558.7287452,3503
Italy,10,0.2164,60964931,27434219,22191235,548684,165500,18500,105000,Rome,Southern Europe,Europe,NATO,2025,729,89,67,30,162,23,8,392,37,200,73480,64,108,21,196,359417,2,0,8,3,10,0,19,10,30890000000,2.75E+12,3.097E+12,2.47396E+11,636,25669000,123,18475,487700,116000,1246000,497934000,3117000000,68735000000,45750000000,1618000,13127000,609999000,301340,7600,1836,2400,59,1.85E-05,0.009974169,184000,0.003018129,186646.5257,9,0.004404834,0.000663702,0.025789474,506.6847365,1125
Brazil,11,0.2415,220051512,112226271,88680759,3520824,360000,340000,200000,Brasilia,South America,South America,Non-NATO,2025,513,43,38,109,133,25,0,191,0,294,22464,109,412,38,64,135737,0,1,4,0,6,2,23,3,26157300000,4.32224E+11,4.016E+12,3.55021E+11,4919,108695000,45,29850,2000000,4221000,3027000,12715000000,22670000000,31654000000,3.63985E+11,15644000,32787000,6596000000,8515770,7491,16145,50000,19,3.96E-06,0.006513272,700000,0.003181073,72659.16667,10,0.001425,3.45E-05,0.008543586,118.8689855,871
Pakistan,12,0.2513,252363571,108516336,85803614,4794908,654000,550000,500000,Islamabad,South Asia,Asia,Non-NATO,2025,1399,328,90,64,565,27,4,373,57,2627,17516,662,2629,600,121,111715,0,0,8,0,9,9,69,3,7640000000,92426000000,1.347E+12,13730000000,116,80990000,3,11881,264175,101000,473000,540000000,36937000000,46448000000,5.92219E+11,12712000,34027000,3064000000,796095,1046,7257,0,97,1.64E-05,0.005671863,1204000,0.004770895,11681.95719,11,0.002139144,0.003299857,0.115678776,30.27378306,4147
Indonesia,13,0.2557,281562465,137965608,114595923,4786562,400000,400000,250000,Jakarta,Southeast Asia,Asia,Non-NATO,2025,459,41,34,70,112,17,1,214,15,331,20440,153,396,63,331,304168,0,0,4,0,7,25,211,12,10600000000,4.4E+11,3.906E+12,1.46359E+11,513,140931000,123,8159,496607,865000,1728000,2480000000,57410000000,36061000000,1.408E+12,659357000,202283000,34869000000,1904569,54716,2958,21579,54,3.98E-06,0.002713774,800000,0.002841288,26500,12,0.0011475,0.000173793,0.006049419,37.6470635,1121
Germany,14,0.2601,84119100,38694786,30955829,841191,181600,34000,0,Berlin,Western Europe,Europe,NATO,2025,584,129,63,50,35,26,3,309,54,296,83260,134,0,33,61,228552,0,0,6,0,11,5,0,12,50000000000,6.23861E+12,5.23E+12,3.227E+11,838,44784000,35,39379,830000,131000,2052000,115200000,4824000000,77516000000,23390000000,138981000,186725000,35900000000,357022,2389,3694,7300,46,1.12E-05,0.009560229,215600,0.002563033,275330.3965,13,0.003215859,0.000829081,0.025533696,594.3953276,941
Israel,15,0.2661,9402617,3949099,3281513,131637,170000,465000,35000,Jerusalem,Middle East,Asia,Non-NATO,2025,611,240,38,13,159,19,14,147,48,1300,35985,352,171,183,62,38238,0,0,5,0,0,7,46,0,30500000000,1.485E+11,4.7103E+11,2.04661E+11,37,4554000,5,1497,20391,15000,230000,12730000,22886000000,11510000000,1.76018E+11,0,6476000,0,21937,273,1068,0,58,0.000209835,0.064751714,635000,0.06753439,179411.7647,14,0.003594118,0.05926061,0.227106227,3243.77777,1973
Iran,16,0.3048,88386937,49496685,41541860,1414191,610000,350000,220000,Tehran,Middle East,Asia,Others,2025,551,188,21,87,103,10,6,128,13,1713,65825,392,2070,1517,107,223395,0,0,25,0,7,3,21,1,15450000000,4134926000,1.44E+12,1.206E+11,173,29159000,18,8484,223485,3985000,2136000,2.086E+11,2.6328E+11,2.4489E+11,3.3987E+13,2791000,3531000,1203000000,1648195,2440,5894,850,55,2.68E-05,0.010729167,960000,0.010861334,25327.86885,15,0.000903279,0.001039319,0.043852459,174.7995861,2371
Spain,17,0.3242,47280433,21748999,17635602,330963,133282,15150,78470,Madrid,Southern Europe,Europe,NATO,2025,461,137,12,51,140,8,0,153,17,317,17626,95,287,0,152,215346,1,0,2,0,11,0,22,6,23397000000,2.57274E+12,2.242E+12,1.03089E+11,363,24108000,52,15489,683175,47000,1269000,150000000,41009000,32833000000,2549000000,1293000,8255000,1187000000,505370,4964,1953,1000,119,1.97E-05,0.010435772,148432,0.003139396,175545.0849,16,0.003458832,0.000627263,0.030620467,494.8558741,930
Australia,18,0.3298,26768598,11242811,9208398,294455,57350,32050,0,Canberra,Oceania,Oceania,Non-NATO,2025,327,24,62,38,98,30,6,69,22,59,15648,0,48,0,44,185648,0,2,6,3,7,0,10,3,55700000000,3.4275E+12,1.584E+12,61703000000,2180,14501000,66,36064,873573,386000,1123000,2446000000,1.53783E+11,50188000000,3.228E+12,465865000,107624000,1.50227E+11,7741220,25760,0,2000,6,1.61E-05,0.035164141,89400,0.003339734,971229.2938,17,0.005701831,7.62E-06,0.001708075,2080.796312,430
Egypt,19,0.3427,111247248,45611372,38269053,1668709,440000,480000,300000,Cairo,North Africa,Africa,Non-NATO,2025,1093,238,90,61,345,11,0,348,100,3620,41012,1056,962,528,150,235989,0,2,8,0,13,7,62,17,5879500000,1.0375E+11,1.912E+12,33070000000,73,33431000,31,5085,65050,667000,851000,3300000000,64817000000,60089000000,1.784E+12,289000,3083000,182000000,1001450,2450,2612,3500,37,4.37E-05,0.003075052,920000,0.008269867,13362.5,18,0.002484091,0.003614759,0.06122449,52.85074558,4863
Ukraine,20,0.3755,35661826,18187531,12731272,392280,900000,1200000,100000,Kyiv,Eastern Europe,Europe,Non-NATO,2025,324,70,36,24,73,3,0,136,39,1114,18920,658,615,279,89,28138,0,0,0,0,0,0,33,3,53700000000,1.32E+11,5.59981E+11,40510000000,148,20312000,26,21733,169694,3000,248000,395000000,18725000000,22856000000,1.104E+12,4248000,10953000,34375000000,603550,2782,5581,1672,134,4.28E-05,0.095896111,2100000,0.058886497,59666.66667,19,0.00036,0.001845746,0.031991373,1505.811845,1527
Poland,21,0.3776,38746310,18985692,15576017,464956,202100,350000,50000,Warsaw,Eastern Europe,Europe,NATO,2025,479,59,44,49,105,11,0,216,29,614,23138,677,0,196,62,0,0,0,1,0,2,2,3,26,48700000000,3.86947E+11,1.616E+12,1.93783E+11,288,18387000,10,19461,420000,24000,722000,113000000,5551000000,20056000000,91492000000,116682000,123782000,28531000000,312685,440,2845,3997,102,2.98E-05,0.030136139,552100,0.014249099,240969.8169,20,0.002370114,0.001963638,0.140909091,1256.893882,1155
Taiwan,22,0.3988,23595274,12269542,1061787,306739,215000,2310000,55000,Taipei,East Asia,Asia,Non-NATO,2025,761,285,0,19,232,18,0,236,91,888,19921,488,1360,234,97,250414,0,0,4,4,22,7,37,14,19740000000,2.09E+11,1.2573E+12,4.92635E+11,53,11498000,8,1613,43206,800,1022000,2380000,63747000,21157000000,6230000000,5608000,66855000,1000000,35980,1566,0,0,126,7.40E-05,0.01570031,2525000,0.107012955,91813.95349,21,0.003539535,0.024680378,0.061941252,836.6082123,1746
Vietnam,23,0.4024,105758975,54994667,45053323,1797903,600000,5000000,250000,Hanoi,Southeast Asia,Asia,Non-NATO,2025,246,41,32,9,60,3,0,101,0,1374,11912,40,535,474,110,107813,0,0,9,0,9,16,35,8,8594000000,1.1E+11,1.354E+12,97955500000,42,56149000,16,2600,195468,187000,494000,4400000000,7676000000,7676000000,6.99426E+11,43614000,83116000,3360000000,331210,3444,4616,47130,141,1.64E-05,0.00634712,5600000,0.052950589,14323.33333,22,0.00041,0.004148425,0.031939605,81.26024293,1730
Saudi Arabia,24,0.4201,36544431,19003104,17468238,621255,257000,0,150000,Riyadh,Middle East,Asia,Non-NATO,2025,917,283,81,49,202,16,22,264,34,840,19040,332,467,321,32,49727,0,0,0,0,7,9,9,3,74760000000,2.2561E+11,1.831E+12,4.57949E+11,86,16934000,16,5410,221372,11113000,3649000,2.586E+11,1.2187E+11,1.2187E+11,9.423E+12,0,164000,0,2149690,2640,4272,0,108,4.90E-05,0.040830147,257000,0.007032535,290894.9416,23,0.003568093,0.000390754,0.012121212,2045.728937,1789
Thailand,25,0.4536,69920998,36358919,27968399,1118736,360850,200000,25000,Bangkok,Southeast Asia,Asia,Non-NATO,2025,493,72,20,54,135,26,0,258,7,635,16935,50,589,26,293,130988,0,1,0,0,7,6,49,5,5887883500,1.02694E+11,1.516E+12,2.2447E+11,108,40814000,21,4127,180053,386000,1248000,252750000,30797000000,48898000000,1.38243E+11,13642000,36030000,1063000000,513120,3219,5673,4000,129,2.03E-05,0.003883828,560850,0.008021196,16316.70639,24,0.001366219,0.001237527,0.091022057,84.20765819,1421
Algeria,26,0.3589,47022473,22570787,19185169,752360,325000,135000,150000,Algiers,North Africa,Africa,Non-NATO,2025,608,102,42,63,87,10,5,299,74,1485,26000,224,483,266,110,82880,0,0,6,0,8,8,75,2,25000000000,3335624000,6.99947E+11,81217000000,85,13425000,17,4020,104000,1443000,428000,12200000000,1.00726E+11,47963000000,4.504E+12,0,167000,233000000,2381740,998,6734,0,2,4.68E-05,0.03571699,460000,0.009782557,76923.07692,25,0.001870769,0.000623494,0.110220441,531.6606806,2203
Sweden,27,0.4835,10589835,4235934,3558185,105898,24400,32900,25000,Stockholm,Northern Europe,Europe,NATO,2025,169,71,0,6,33,5,1,53,0,110,6795,26,0,0,308,31673,0,0,4,0,0,7,179,8,13000000000,1.00245E+12,6.76353E+11,60863000000,203,5825000,92,10910,573134,11000,283000,0,0,889924000,0,1115000,3396000,5000000,450295,3218,2211,2052,123,5.54E-05,0.019220732,57300,0.005410849,532786.8852,26,0.00692623,0.000244284,0.095711622,1227.592309,587
Canada,28,0.5179,38794813,16681770,13500595,426743,68000,27000,5500,Ottawa,North America,North America,NATO,2025,351,66,0,28,95,33,6,145,0,74,21704,0,0,0,73,119637,0,0,4,0,12,0,24,0,41000000000,2.33738E+12,2.238E+12,1.17551E+11,1425,22110000,284,4942,1042300,5692000,2454000,1.703E+11,1.87686E+11,1.30316E+11,2.06713E+12,43024000,17138000,6582000000,9984670,202080,8893,636,24,1.28E-05,0.018319929,95000,0.002448781,602941.1765,27,0.005161765,7.41E-06,0.000361243,1056.842315,498
Singapore,29,0.5271,6028459,3918498,2628408,66313,51000,252500,12000,Singapore,Southeast Asia,Asia,Non-NATO,2025,230,100,0,9,36,9,11,70,18,170,8998,48,89,24,50,81340,0,0,6,0,6,6,12,4,15000000000,1.71341E+12,7.54758E+11,3.59835E+11,9,3619000,5,0,3500,0,1470000,0,0,13724000000,0,0,784000,0,719,193,0,0,112,7.46E-05,0.01987392,303500,0.050344541,294117.6471,28,0.004509804,0.236439499,0.259067358,2488.198062,450
Greece,30,0.5337,10461091,4916713,3985676,104611,142700,221350,55000,Athens,Southern Europe,Europe,NATO,2025,558,178,0,15,81,8,0,293,29,1344,61888,589,698,152,192,216348,0,0,10,0,13,0,39,7,6500000000,5.5E+11,3.7578E+11,13608000000,81,4645000,57,2345,117000,5000,303000,10000000,3284000,5173000000,991090000,13703000,13988000,2876000000,131957,13676,1110,6,48,0.00020017,0.017297355,364050,0.034800386,45550.10512,29,0.003910301,0.010185136,0.014039193,621.3501058,2094
Nigeria,31,0.5771,236747130,125475979,90437404,4261448,230000,0,50000,Abuja,West Africa,Africa,Non-NATO,2025,163,14,24,23,28,11,0,66,15,330,8962,40,339,37,133,0,0,0,0,0,1,0,109,2,3160000000,32455500000,1.275E+12,41349000000,47,75721000,28,3798,195000,1541000,515000,36890000000,39951000000,20719000000,5.761E+12,3043000,3044000,2144000000,923768,853,4477,8600,92,2.64E-06,0.002478431,230000,0.000971501,13739.13043,30,0.000708696,0.000357233,0.155920281,13.34757469,626
Mexico,32,0.5965,130739927,61447766,49811912,2222579,412000,98655,120000,Mexico City,Central America,North America,Non-NATO,2025,433,3,33,41,176,25,0,178,0,0,19658,20,70,0,167,0,0,0,0,5,1,3,140,0,7600000000,3.71359E+11,2.873E+12,2.14317E+11,1485,60042000,35,23389,704884,2101000,1737000,5786000000,31422000000,90566000000,1.80322E+11,7453000,18423000,1211000000,1964375,9330,4389,2900,79,4.59E-06,0.002645318,510655,0.003905884,18446.60194,31,0.001050971,0,0.01789925,58.13067342,600
Argentina,33,0.6013,46994384,20677529,17575900,704916,108000,0,20000,Buenos Aires,South America,South America,Non-NATO,2025,239,23,11,52,71,13,2,94,0,342,21724,55,172,26,44,122128,0,0,2,3,0,6,13,0,928897000,1.7894E+11,1.235E+12,23081000000,756,21906000,37,17866,281290,807000,706000,2483000000,43280000000,46228000000,3.96464E+11,1318000,3391000,799999000,2780400,4989,11968,11000,4,1.33E-05,0.000752143,108000,0.002298147,8600.898148,32,0.002212963,0.000123004,0.008819403,19.7661278,625
North Korea,34,0.6016,26298666,9467520,5312331,420779,1320000,560000,100000,Pyongyang,East Asia,Asia,Others,2025,861,368,114,1,173,0,0,205,20,4344,18288,1300,700,1500,207,143304,0,0,13,0,2,4,155,1,4736000000,5500000000,72000000000,5500000000,83,15837000,10,7435,25554,0,17000,0,0,0,0,21747000,21747000,10600000000,120538,2495,1607,2250,93,0.00020579,0.065777778,1880000,0.071486516,3587.878788,33,0.000652273,0.036038428,0.082965932,180.08518,5412
Bangladesh,35,0.6062,168697184,82661620,66129296,3205246,163000,0,6800000,Dhaka,South Asia,Asia,Non-NATO,2025,214,42,0,17,86,4,0,65,0,320,11584,56,546,110,118,75280,0,0,2,0,7,6,61,5,4374000000,51965000000,1.413E+12,21860000000,17,74914000,2,2460,369105,13000,160000,28000000,24620000000,30384000000,1.26293E+11,754000,7514000,3260000000,148460,580,4413,8370,10,3.86E-06,0.003095541,163000,0.000966228,26834.35583,34,0.001312883,0.002155463,0.203448276,25.92811508,652
Netherlands,36,0.6412,17772378,7997570,6486918,195496,41380,6765,5000,Amsterdam,Western Europe,Europe,NATO,2025,120,32,0,4,21,0,0,63,12,18,2755,46,0,2,64,124962,0,0,3,0,6,0,4,4,27000000000,4.77995E+12,1.24E+12,69830000000,45,9999000,18,3055,139124,70000,872000,137747000,17774000000,33243000000,1.32608E+11,1825000,10610000,3247000000,41543,451,1053,6237,88,1.14E-05,0.021774194,48145,0.002708979,652489.1252,35,0.002899952,0.000433286,0.141906874,1519.211441,202
Myanmar,37,0.6735,57527139,30489384,21975367,1035489,150000,20000,55000,Naypyidaw,Southeast Asia,Asia,Non-NATO,2025,317,58,26,30,119,5,0,83,9,445,5980,95,210,180,232,89240,0,0,3,0,6,3,146,2,2948000000,7253400000,2.90507E+11,8590400000,73,22884000,7,5031,157000,7000,148000,139000000,16780000000,3788000000,6.37129E+11,1268000,1453000,252000000,676578,1930,6522,12800,85,1.73E-05,0.010147776,170000,0.002955127,19653.33333,36,0.002113333,0.000657722,0.120207254,51.24537829,994
Norway,38,0.6811,5509733,2203893,1807192,71627,23250,0,40000,Oslo,Northern Europe,Europe,NATO,2025,97,0,32,4,23,5,0,33,0,44,6552,42,0,0,43,65692,0,0,6,0,4,6,18,5,9710000000,7.16144E+11,4.99528E+11,80459000000,145,3009000,141,3848,94902,2020000,229000,8122200000,1.23727E+11,4548000000,1.54446E+12,117000,1201000,2000000,323802,25148,2566,1577,95,3.34E-05,0.01943835,23250,0.004219805,417634.4086,37,0.004172043,0.000135886,0.001709878,1762.335852,184
Portugal,39,0.6856,10639726,5319863,4096295,127677,24000,211700,24700,Lisbon,Southern Europe,Europe,NATO,2025,115,28,0,19,23,14,3,31,0,34,10828,24,115,0,194,38657,0,0,2,0,5,2,20,0,4627000000,3.99395E+11,5.29901E+11,53710000000,136,5140900,18,3622,136635,12932,191000,22440000,0,4500000000,72000000000,0,0,40000000,92090,1793,1224,764,103,3.22E-05,0.00873182,235700,0.022152826,192791.6667,38,0.004791667,0.000369204,0.10819855,434.87962,343
South Africa,40,0.6889,60442647,27803618,14989776,1027525,71235,29350,50000,Pretoria,Southern Africa,Africa,Non-NATO,2025,182,2,0,12,81,0,0,87,10,252,18692,49,134,101,49,40186,0,0,3,0,4,0,33,2,2266800000,58773000000,8.62981E+11,62492000000,575,25158000,8,20986,750000,95000,601000,15000000,59128000,4487000000,0,245467000,176148000,9893000000,1219090,2798,5244,0,116,7.99E-06,0.002626709,100585,0.00166414,31821.43609,39,0.002554924,0.000206712,0.017512509,37.50332112,483
Philippines,41,0.6987,118277063,50859137,41751803,2128987,150000,1200000,35000,Manila,Southeast Asia,Asia,Non-NATO,2025,202,0,25,26,23,8,0,122,2,10,11878,12,294,0,113,76313,0,0,0,0,2,1,58,0,4380000000,90200000000,1.138E+12,1.03742E+11,246,49477000,70,77,216387,10000,453000,138500000,2251000000,2251000000,98543000000,14483000,37130000,361000000,300000,36289,0,3219,101,2.75E-06,0.003848858,1350000,0.011413878,29200,40,0.001346667,3.33E-05,0.003113891,37.03169396,325
Malaysia,42,0.7429,34564810,16245461,13480276,553037,113000,51600,100000,Kuala Lumpur,Southeast Asia,Asia,Non-NATO,2025,135,26,12,16,31,6,4,45,0,48,13506,0,196,36,100,67735,0,0,2,0,2,6,71,4,4800000000,2.475E+11,1.152E+12,1.13438E+11,102,17308000,35,1851,144403,582000,717000,3600000000,75456000000,42499000000,1.189E+12,3731000,35050000,226000000,329847,4675,2742,7200,76,8.19E-06,0.004166667,164600,0.004762069,42477.87611,41,0.00119469,0.000145522,0.021390374,138.8695613,283
Iraq,43,0.7738,42083436,17675043,14308368,715418,193000,0,100000,Baghdad,Middle East,Asia,Non-NATO,2025,391,26,36,15,139,17,0,197,39,1025,37288,434,610,572,68,0,0,0,0,0,0,2,26,0,7923000000,45032500000,5.72939E+11,1.12233E+11,71,11812000,6,2272,59623,4437000,918000,1.45019E+11,9860000000,19298000000,3.729E+12,0,0,0,438317,58,3809,5279,56,3.53E-05,0.013828697,193000,0.004586127,41051.81347,42,0.002025907,0.00233849,1.172413793,188.2688476,1484
Switzerland,44,0.7869,8860574,3898653,3163225,97466,101584,49715,5000,Bern,Western Europe,Europe,Non-NATO,2025,146,43,0,16,44,3,0,40,0,205,6996,133,0,0,0,0,0,0,0,0,0,0,0,0,25039000000,2.2E+12,7.33779E+11,8.63892E+11,62,4991000,0,5296,71557,300,193000,0,0,3138000000,0,0,161000,0,41277,0,1770,1292,124,3.96E-05,0.034123353,151299,0.01707553,246485.667,43,0.001437234,0.004966446,,2825.889158,351
Denmark,45,0.8109,5973136,2628180,2126436,77651,20000,12000,51000,Copenhagen,Northern Europe,Europe,NATO,2025,117,31,4,4,41,3,0,34,0,44,3856,19,0,8,50,121180,0,0,0,0,9,0,9,6,7225466250,5.555E+11,4.28385E+11,1.09371E+11,99,3180000,69,2682,74558,63000,152000,441000000,1879000000,2208000000,29534000000,0,1788000,0,43094,7314,140,400,34,3.53E-05,0.016866758,32000,0.00535732,361273.3125,44,0.00585,0.001021024,0.006836205,1209.660428,211
Colombia,46,0.8353,49588357,24298295,19190694,843002,293200,35000,150000,Bogota,South America,South America,Non-NATO,2025,436,16,24,86,72,23,1,257,0,0,3460,6,110,0,233,31090,0,0,4,0,7,2,217,0,10541500000,1.1678E+11,9.78024E+11,59041000000,662,26003000,14,2141,205379,800000,320000,2036000000,11290000000,11451000000,87782000000,58747000,7880000,4554000000,1138910,3208,6672,24725,29,1.35E-05,0.010778365,328200,0.006618489,35953.27422,45,0.00148704,0,0.072630923,212.5801426,669
Chile,47,0.8361,18664652,8959033,7521855,298634,80000,40000,50000,Santiago,South America,South America,Non-NATO,2025,277,45,0,32,92,21,5,87,0,386,8832,48,249,8,130,176065,0,0,4,0,8,0,40,0,5032500000,2.145E+11,5.79201E+11,46377000000,374,9848000,39,7282,77801,11000,405000,150000000,1200000000,6916000000,97976000000,499000,8637000,1181000000,756102,6435,7801,12290,27,4.25E-05,0.008688694,120000,0.006429265,62906.25,46,0.0034625,0.000510513,0.02020202,269.6273148,793
Finland,48,0.8437,5626414,2306830,1912981,56264,24000,870000,53800,Helsinki,Northern Europe,Europe,NATO,2025,163,54,0,11,77,1,0,27,0,200,11704,107,667,76,264,19434,0,0,0,0,0,0,8,18,6779661000,6.6E+11,3.21126E+11,16929000000,98,2880000,37,5918,454000,8000,175000,0,0,1157000000,0,808000,4141000,0,338145,1250,2563,8000,42,0.000111439,0.021112152,894000,0.158893391,282485.875,47,0.006791667,0.000591462,0.2112,1204.970164,627
Peru,49,0.8588,32600249,15648120,12681497,619405,120000,385000,60000,Lima,South America,South America,Non-NATO,2025,256,15,22,38,72,12,0,111,16,240,6560,12,290,49,71,170344,0,0,4,0,7,8,13,0,3420000000,59400000000,5.17644E+11,71394000000,166,18529000,20,1855,18699,118000,210000,858890000,12270000000,7185000000,3.00159E+11,153000,712000,1567000000,1285216,2414,7062,8808,100,1.74E-05,0.006606857,505000,0.015490679,28500,48,0.002133333,0.000186739,0.029411765,104.9071742,567
Venezuela,50,0.8882,31250306,15625153,12812625,625006,109000,8000,220000,Caracas,South America,South America,Non-NATO,2025,229,30,0,49,75,3,1,88,10,172,8802,48,100,36,34,0,0,0,1,0,1,0,25,0,4093120000,1.1033E+11,2.95975E+11,10095500000,502,11548000,31,447,96189,761000,367000,3.03806E+11,17696000000,17696000000,5.674E+12,197000,82000,730999000,912050,2800,5267,7100,140,1.39E-05,0.013829285,117000,0.003743963,37551.55963,49,0.002100917,0.000188586,0.012142857,130.9785575,435
Romania,51,0.8984,18148155,9437041,7731114,199630,81300,55000,15000,Bucharest,Eastern Europe,Europe,NATO,2025,140,21,0,14,44,2,0,65,0,328,10774,0,720,243,20,0,0,0,0,0,3,7,3,5,9700000000,1.32E+11,7.72107E+11,73000000000,82,8282000,11,10628,84185,67000,221000,600000000,9501000000,10055000000,1.0548E+11,18160000,19404000,291000000,238391,225,2844,1731,106,2.69E-05,0.012563026,136300,0.007510405,119311.1931,50,0.001722017,0.001375891,0.088888889,534.4895941,488
Ethiopia,52,0.9305,118550298,56904143,35327989,2726657,162000,0,0,Addis Ababa,East Africa,Africa,Non-NATO,2025,103,25,0,8,34,0,0,33,7,338,7256,35,309,40,0,0,0,0,0,0,0,0,0,0,2097575000,25761000000,3.54604E+11,3131288000,57,61664000,0,659,120171,0,110000,428000,0,0,24919000000,8000,660000,0,1104300,0,5925,0,41,3.72E-06,0.00591526,162000,0.001366509,12947.99383,51,0.000635802,0.000306076,,17.69354473,441
Czechia,53,0.9994,10837890,5093808,4129236,97541,28000,4200,0,Prague,Central Europe,Europe,NATO,2025,99,12,16,10,17,2,0,42,4,43,6340,50,0,16,0,0,0,0,0,0,0,0,0,0,6750000000,2.112E+11,5.19007E+11,1.48379E+11,243,5502000,0,9548,55744,4000,211000,15000000,224725000,7602000000,3964000000,37423000,40239000,3595000000,78867,0,2046,664,32,1.31E-05,0.013005605,32200,0.002971058,241071.4286,52,0.003535714,0.000545222,,622.8149575,142
United Arab Emirates,54,1.0186,10032213,5818684,4945881,80258,65000,130000,12000,Abu Dhabi,Middle East,Asia,Non-NATO,2025,551,99,16,37,147,27,4,247,30,354,8707,165,99,49,181,44188,0,0,0,0,0,11,34,2,2212360382,2.64E+11,7.19733E+11,1.89491E+11,42,6668000,20,0,4080,4146000,939000,97800000000,56683000000,66091000000,6091000000,0,3273000,0,83600,1318,1066,0,135,0.000108251,0.003073863,195000,0.019437386,34036.31357,53,0.008476923,0.00423445,0.137329287,220.5256589,1086
Hungary,55,1.0259,9855745,4632200,3794462,118269,41600,20000,15000,Budapest,Central Europe,Europe,NATO,2025,69,12,0,3,12,0,0,44,8,209,7797,24,295,0,0,0,0,0,0,0,0,0,0,0,4576000000,1.375E+11,3.88906E+11,45719000000,109,5006000,0,7687,203601,36000,175000,12100000,1523000000,9485000000,3738000000,5450000,6180000,2909000000,103000,0,2106,1622,51,2.82E-05,0.011766339,61600,0.006250162,110000,54,0.001658654,0.002029126,,464.2977269,278
Angola,56,1.0961,37202061,7440412,3720206,372021,107000,0,10000,Luanda,Central Africa,Africa,Non-NATO,2025,298,71,12,31,66,2,0,116,15,309,5500,25,575,113,31,0,0,0,0,0,0,0,29,0,1101360000,45774500000,2.65868E+11,13942000000,106,15223000,21,2761,26000,1175000,127000,7783000000,5514000000,1397000000,3.43002E+11,0,0,0,1246700,1600,5369,1300,3,1.71E-05,0.004142507,107000,0.002876185,10293.08411,55,0.002785047,0.000247854,0.019375,29.60481141,638
Kazakhstan,57,1.1016,20260006,9117003,6928922,283640,110000,135000,55000,Astana,Central Asia,Asia,Non-NATO,2025,198,63,25,19,26,0,0,65,12,350,7736,126,194,287,26,0,0,0,0,0,0,0,23,2,2048700000,91321500000,7.0552E+11,35965000000,132,9587000,0,16636,96167,1955000,288000,30000000000,27011000000,22623000000,2.407E+12,118195000,84852000,25605000000,2724900,26,13364,43983,63,2.83E-05,0.002903816,245000,0.01209279,18624.54545,56,0.0018,0.000128445,1,101.1204044,574
Uzbekistan,58,1.1121,36520593,18990708,15959499,730412,48000,0,20000,Tashkent,Central Asia,Asia,Non-NATO,2025,192,58,13,13,7,0,0,101,34,340,2970,147,236,108,0,0,0,0,0,0,0,0,0,0,2803500000,19652500000,3.19174E+11,34558000000,74,14270000,0,4642,86496,64000,91000,594000000,47500000000,43227000000,1.841E+12,5356000,7396000,1375000000,447400,420,6893,1100,139,1.46E-05,0.00878361,48000,0.001314327,58406.25,57,0.004,0.000759946,0,76.76490905,532
Morocco,59,1.1273,37387585,17946041,15254135,635589,195800,150000,50000,Rabat,North Africa,Africa,Non-NATO,2025,260,83,0,31,75,4,2,78,0,903,7877,396,153,129,111,0,0,0,0,0,6,1,105,0,13400000000,45645000000,3.3748E+11,36328000000,49,12284000,12,2067,57300,25,318000,684000,82595000,243201000,1444000000,0,11940000,96000000,715550,1835,2363,0,83,3.41E-05,0.039706057,345800,0.00924906,68437.1808,58,0.001327886,0.001261966,0.060490463,358.4077442,1274
Azerbaijan,60,1.2531,10650239,5218617,3908638,159754,126400,300000,15000,Baku,Unknown,Unknown,Non-NATO,2025,154,12,18,3,35,0,0,86,16,497,7642,198,650,268,38,0,0,0,4,0,0,0,17,4,5000000000,16159500000,2.15896E+11,13749000000,32,5473000,0,2944,24981,618000,105000,7000000000,34175000000,11759000000,1.699E+12,0,60000,0,86600,713,2468,0,8,6.47E-05,0.023159299,426400,0.04003666,39556.96203,59,0.001218354,0.00573903,0.053295933,469.4730325,689
Belgium,61,1.2564,11977634,4910830,3880753,119776,25000,6400,0,Brussels,Western Europe,Europe,NATO,2025,108,43,0,7,38,0,0,20,0,0,4606,0,0,0,9,10190,0,0,0,0,2,0,2,5,10200000000,1.44926E+12,7.51592E+11,40813000000,49,5432000,7,3602,118414,11000,585000,0,13436000,15347000000,0,1270000,4869000,4100000000,30528,67,1297,2043,12,9.77E-06,0.013571193,31400,0.002621553,408000,60,0.00432,0,0.134328358,851.5872166,117
Bulgaria,62,1.2563,6782659,3187850,2611324,61044,37000,3000,0,Sofia,Eastern Europe,Europe,NATO,2025,65,10,5,6,21,0,0,27,4,90,4914,48,24,24,36,0,0,0,0,0,4,3,0,10,1373232000,27138500000,2.14061E+11,46334000000,111,3103000,2,4029,19512,4000,101000,15000000,20837000,2801000000,5663000000,35516000,35970000,2366000000,110880,354,1806,470,20,2.82E-05,0.006415143,40000,0.005897392,37114.37838,61,0.001756757,0.000811688,0.101694915,202.4621907,191
Serbia,63,1.2576,6652212,3259584,2574406,79827,25000,2000,600000,Belgrade,Balkans,Europe,Non-NATO,2025,110,11,17,3,33,0,0,46,4,262,3683,90,150,98,20,0,0,0,0,0,0,0,7,5,2287461000,35200000000,1.62213E+11,27569000000,43,3333000,0,3333,44248,13000,82000,77500000,353376000,2939000000,48139000000,35129000,38297000,7514000000,77474,0,2322,587,110,5.89E-05,0.014101589,27000,0.0040588,91498.44,62,0.0044,0.00338178,inf,343.8647175,392
Syria,64,1.2771,23865423,15273871,13245310,668232,170000,50000,50000,Damascus,Middle East,Asia,Non-NATO,2025,207,104,9,3,15,1,0,77,14,365,11148,90,641,204,27,0,0,0,0,0,0,0,16,4,291850000,4309500000,55935900000,341962500,39,6315000,3,2052,69873,75000,138000,2500000000,3085000000,3084000000,2.40693E+11,0,47000,0,187437,193,2363,900,125,2.51E-05,0.005217579,220000,0.009218357,1716.764706,63,0.001217647,0.001947321,0.139896373,12.22898919,599
Ecuador,65,1.3021,18309984,8422593,6738074,329580,41250,118000,1500,Quito,South America,South America,Non-NATO,2025,102,0,0,20,34,8,0,46,0,54,5204,5,106,24,30,0,0,0,2,0,2,6,5,0,2376000000,44898000000,2.60213E+11,4442000000,310,8893000,6,965,43950,480000,225000,8273000000,309778000,309778000,10902000000,0,21000,24000000,283560,2237,2237,1500,36,1.02E-05,0.009130981,159250,0.008697441,57600,64,0.002472727,0.000190436,0.013410818,129.765269,186
Democratic Republic of the Congo,66,1.3111,115403027,39237029,31389623,2538867,166580,31000,10000,Kinshasa,Central Africa,Africa,Non-NATO,2025,46,1,6,6,1,0,0,32,8,105,916,8,60,25,16,0,0,0,0,0,0,0,16,0,796560000,4994000000,1.54012E+11,3898125000,272,35983000,3,4007,152373,19000,26000,180000000,380000,380000,991090000,0,23000,987999000,2344858,37,10481,15000,33,1.45E-06,0.005172065,197580,0.001712087,4781.84656,65,0.000276144,4.48E-05,0.432432432,6.902418599,167
Cuba,67,1.3286,10966038,5921661,4737328,142558,45500,40000,1145000,Havana,Caribbean,North America,Non-NATO,2025,31,11,0,4,3,0,0,13,4,113,6864,60,130,15,19,0,0,0,0,0,1,1,6,4,4508784000,33066000000,1.414E+11,10442000000,123,5317000,34,8367,60000,34000,165000,124000000,659434000,659434000,70792000000,0,2000,0,110860,3735,29,240,31,1.49E-05,0.031886733,85500,0.0077968,99094.15385,66,0.000681319,0.001019304,0.005087015,411.1588889,163
Austria,68,1.3704,8967982,4035592,3632033,98648,16000,125600,0,Vienna,Central Europe,Europe,Non-NATO,2025,85,15,0,11,18,0,0,41,0,56,7322,30,0,0,0,0,0,0,0,0,0,0,0,0,5475750000,6.3E+11,5.90354E+11,31212000000,61,4825000,0,6123,137039,18000,245000,35200000,618209000,8136000000,5040000000,1271000,5026000,0,83871,0,2524,358,7,1.57E-05,0.009275367,141600,0.015789505,342234.375,67,0.0053125,0.000667692,,610.5888705,141
Sri Lanka,69,1.3941,21982608,10551652,8551235,307757,346000,90000,0,Sri Jayawardenepura Kotte,South Asia,Asia,Non-NATO,2025,85,5,0,14,8,3,0,55,9,44,3190,0,96,28,270,27136,0,0,0,0,5,0,59,0,1265400000,46409500000,2.87132E+11,3450700000,18,8707000,6,1562,114093,0,121000,0,0,0,0,0,2084000,0,65610,1340,0,160,120,1.82E-05,0.004407032,436000,0.019833861,3657.225434,68,0.000245665,0.000670629,0.201492537,57.56368853,399
Belarus,70,1.3954,9501451,5035769,3724569,104516,63000,145000,55000,Minsk,Eastern Europe,Europe,Non-NATO,2025,185,36,50,4,27,0,0,68,29,507,6916,357,215,206,0,0,0,0,0,0,0,0,0,0,1077900000,44000000000,2.54407E+11,8118000000,46,4956000,0,5528,86600,30000,131000,198000000,73929000,16683000000,2832000000,0,778000,0,207600,0,3599,2500,11,7.28E-05,0.004236912,208000,0.021891393,17109.52381,69,0.002936508,0.002442197,,113.4458305,692
Slovakia,71,1.3978,5563649,2837461,2353424,61200,19500,0,0,Bratislava,Central Europe,Europe,NATO,2025,41,2,0,7,9,1,0,22,0,45,3074,35,9,25,0,0,0,0,0,0,0,0,0,0,2656000000,1.276E+11,2.13053E+11,11288000000,114,2823000,0,3627,56926,7000,94000,9000000,52556000,60424000,14158000000,2343000,5794000,19000000,49035,0,1587,172,113,1.55E-05,0.012466382,19500,0.003504894,136205.1282,70,0.002102564,0.000917712,,477.3845367,86
Qatar,72,1.4307,2552088,638022,490001,12760,66550,15000,5500,Doha,Middle East,Asia,Non-NATO,2025,251,102,6,12,51,0,0,80,24,99,5024,46,12,16,115,0,0,0,0,0,0,4,105,0,9432000000,1.87E+11,3.04973E+11,51539000000,8,2035000,6,0,7039,1815000,297000,25244000,1.69595E+11,41515000000,2.3861E+13,0,0,0,11586,563,87,0,104,0.000182204,0.030927328,81550,0.031954227,141728.024,71,0.0037716,0.008544795,0.204262877,3695.797324,465
Sudan,73,1.4756,50467278,26747657,17108407,1312149,92000,85000,17500,Khartoum,North Africa,Africa,Non-NATO,2025,165,37,27,13,15,0,0,64,35,224,2900,100,287,192,6,0,0,0,0,0,0,0,6,0,342000000,37846000000,1.36039E+11,206763700,41,13590000,4,7251,31000,68000,127000,1250000000,0,0,84951000000,0,0,0,1861484,853,6819,4068,121,7.83E-06,0.002513985,177000,0.003507223,3717.391304,72,0.001793478,0.000120334,0.007033998,6.77666824,395
Croatia,74,1.5074,4150116,2033557,1564594,53952,14325,20100,2000,Zagreb,Balkans,Europe,NATO,2025,67,10,0,0,28,0,0,37,0,45,2848,25,42,42,30,0,0,0,0,0,0,0,10,1,1176000000,55000000000,1.59305E+11,3176000000,40,1744000,16,2617,26958,11000,70000,71000000,741456000,2502000000,24919000000,0,702000,0,56594,5835,2237,4714,30,3.42E-05,0.007382066,34425,0.008294949,82094.24084,73,0.004677138,0.000795137,0.005141388,283.3655734,142
Jordan,75,1.6139,11174024,3463947,2983464,145262,100500,65000,35000,Amman,Middle East,Asia,Non-NATO,2025,274,44,6,13,66,13,0,155,44,1458,16624,358,80,56,27,0,0,0,0,0,0,0,27,0,2500000000,25646500000,1.06806E+11,15715600000,17,3063000,1,509,7203,20,97000,1000000,187262000,4382000000,6031000000,0,479000,0,89342,26,1744,0,62,0.000157419,0.023406925,165500,0.014811137,24875.62189,74,0.002726368,0.016319312,1.038461538,223.7331869,1759
Libya,76,1.4449,7361263,3827857,3290485,125141,32000,0,100000,Tripoli,North Africa,Africa,Non-NATO,2025,143,10,1,6,38,0,0,16,4,43,1816,15,28,25,5,0,0,0,0,0,0,1,1,1,3060000000,3322000000,1.21951E+11,92427000000,66,2398000,14,2000,37000,1245000,230000,48363000000,11832000000,9212000000,1.505E+12,0,0,0,1759540,1770,4339,0,72,2.59E-05,0.025092045,32000,0.00434708,95625,75,0.00446875,2.44E-05,0.002824859,415.6895359,191
Turkmenistan,77,1.6512,5744151,2768681,2245963,109139,36500,0,3500,Ashgabat,Central Asia,Asia,Non-NATO,2025,91,24,27,5,9,0,0,26,10,654,5016,73,450,164,16,0,0,0,0,0,0,0,16,0,1078020000,2134500000,94790000000,23415400000,23,2163000,0,5113,58592,272000,152000,600000000,86472000000,41561000000,1.1327E+13,0,0,800000000,488100,1768,4158,1300,132,0.000132483,0.011372719,36500,0.00635429,29534.79452,76,0.002493151,0.001339889,0.009049774,187.672643,761
Albania,78,1.6815,3107100,1522479,1292554,62142,6600,2000,500,Tirana,Balkans,Europe,NATO,2025,19,0,0,0,0,0,0,19,0,46,1796,0,50,135,19,0,0,0,0,0,0,0,19,0,558862420,7312000000,49592000000,6455000000,3,1388000,3,424,3945,1400,2600,150000000,50623000,50623000,5692000000,379000,389000,522000000,28748,362,691,41,1,2.70E-05,0.011269205,8600,0.002767854,84676.12424,77,0.002878788,0.001600111,0.052486188,179.8662483,84
Kuwait,79,1.6982,3138355,1726095,1449920,37660,72000,24000,7500,Kuwait City,Middle East,Asia,Non-NATO,2025,128,43,0,2,13,0,3,67,16,367,5636,74,0,27,123,0,0,0,0,0,0,0,106,0,6950000000,55000000000,2.1906E+11,52619000000,6,2463000,6,0,5749,2910000,372000,1.015E+11,19285000000,26083000000,1.784E+12,0,145000,0,17818,499,475,0,66,0.000196918,0.031726468,96000,0.030589274,96527.77778,78,0.001777778,0.020597149,0.246492986,2214.535959,618
Bolivia,80,1.7221,12311974,5417269,4112199,233928,40000,40000,0,Sucre,South America,South America,Non-NATO,2025,64,0,0,15,19,0,0,33,0,54,890,0,106,0,67,0,0,0,0,0,0,0,50,0,550200000,11431000000,1.19785E+11,1800000000,200,6114000,0,3690,90568,58000,87000,240900000,13760000000,3055000000,3.0299E+11,0,9000,1000000,1098581,0,7252,10000,16,1.50E-05,0.00459323,80000,0.00649774,13755,79,0.0016,4.92E-05,inf,44.68820353,185
Bahrain,81,1.7448,1566888,846120,720768,17236,18400,110000,1500,Manama,Middle East,Asia,Non-NATO,2025,132,24,0,3,40,0,0,80,34,150,2764,38,26,17,64,0,0,0,0,0,2,2,50,0,1597200000,49500000000,85491000000,5118000000,3,855000,4,0,4122,189000,72000,186500000,18005000000,17924000000,81382000000,0,0,0,760,161,0,0,9,0.00022082,0.018682668,128400,0.08194587,86804.34783,80,0.007173913,0.197368421,0.397515528,1019.345352,346
Oman,82,1.8047,3901992,1482757,1291559,50726,42600,100000,10000,Muscat,Middle East,Asia,Non-NATO,2025,128,29,10,9,45,4,0,31,0,150,4084,24,140,0,22,0,0,0,0,0,0,5,12,0,8200000000,50897000000,1.8596E+11,17455000000,36,2316000,7,0,60230,1056000,211000,5375000000,40754000000,27364000000,6.51287E+11,0,31000,0,309500,2092,1561,0,96,7.69E-05,0.044095504,142600,0.036545436,192488.2629,81,0.003004695,0.000484653,0.010516252,2101.490726,300
Kenya,83,1.8135,58246378,21551160,14037377,931942,50000,0,25000,Nairobi,East Africa,Africa,Non-NATO,2025,156,17,0,21,31,2,0,85,2,188,4128,18,53,0,23,0,0,0,0,0,0,0,7,0,1307383850,30514500000,3.14063E+11,7342000000,370,25502000,4,3819,161452,0,119000,0,0,0,0,0,1168000,0,580367,536,3457,0,64,6.30E-06,0.004162808,50000,0.000858422,26147.677,82,0.00312,0.000323933,0.042910448,22.44575362,367
Chad,84,1.8712,19093595,6873694,3856906,381872,33250,0,5000,N'Djamena,Central Africa,Africa,Non-NATO,2025,40,0,7,7,8,2,0,16,3,90,3316,10,10,20,0,0,0,0,0,0,0,0,0,0,381350000,2038000000,32446000000,211591000,42,5806000,0,0,40000,124000,15000,1500000000,0,0,0,0,0,0,1284000,0,6406,12400,26,6.81E-06,0.011753375,33250,0.001741422,11469.17293,83,0.001203008,7.01E-05,,19.97266623,130
Yemen,85,1.8901,32140443,12213368,9031464,610668,66700,0,20000,Sana'a,Middle East,Asia,Non-NATO,2025,84,27,12,2,15,0,0,30,7,0,550,0,15,10,33,0,0,0,0,0,0,1,12,1,810375000,6343500000,67003300000,923361750,36,6883000,10,0,71300,15000,60000,3000000000,189432000,189432000,4.78555E+11,0,165000,0,527968,1906,1601,0,142,3.64E-06,0.012094554,66700,0.002075267,12149.55022,84,0.00125937,0,0.017313746,25.21356037,117
New Zealand,86,1.9039,5161211,2219321,1775457,61935,8670,3250,300,Wellington,Oceania,Oceania,Non-NATO,2025,48,0,0,8,13,6,0,21,0,0,2114,0,31,0,8,0,0,0,0,0,2,0,4,0,3030000000,2.09683E+11,2.5477E+11,15487000000,202,3068000,22,4128,94000,12000,154000,40993000,3770000000,3819000000,31149000000,3036000,2441000,7575000000,268838,15134,0,0,89,1.09E-05,0.01189308,11920,0.002309535,349480.9689,85,0.005536332,0,0.000528611,587.0715226,56
Paraguay,87,1.9044,7522549,3535598,3001497,150451,15650,168500,15000,Asuncion,South America,South America,Non-NATO,2025,39,0,0,11,13,1,0,14,0,0,1108,0,25,0,72,0,0,0,0,0,0,0,63,0,17595000000,14370000000,1.08022E+11,9886000000,83,3469000,1,30,78811,2000,57000,0,0,0,0,0,1000,0,406752,0,4655,3100,99,1.48E-05,0.162883487,184150,0.024479734,1124281.15,86,0.002492013,0,inf,2338.967815,111
Lithuania,88,1.9075,2628186,1708321,1332490,36795,23000,104000,14150,Vilnius,Northern Europe,Europe,NATO,2025,9,0,0,5,0,0,0,4,0,0,1263,21,54,0,14,0,0,0,0,0,0,0,7,4,2388900000,44000000000,1.32712E+11,6168000000,65,1510000,2,1911,84166,4000,68000,12000000,0,1601000000,0,0,263000,0,65300,90,1545,441,73,8.75E-06,0.018000633,127000,0.048322303,103865.2174,87,0.000391304,0,0.155555556,908.9539325,23
Mozambique,89,1.9265,33350954,14674420,7770772,533615,11200,0,3000,Maputo,Southern Africa,Africa,Non-NATO,2025,22,8,0,4,1,1,0,8,2,30,872,0,52,6,33,0,0,0,0,0,0,0,33,0,412400000,12100000000,50631000000,3515000000,92,15191000,11,4787,31083,0,40000,0,5388000000,1347000000,2.832E+12,9015000,11000,1792000000,799380,2470,4783,460,84,2.55E-06,0.008145207,11200,0.000335822,36821.42857,88,0.001964286,3.75E-05,0.013360324,12.36546337,85
Tunisia,90,1.9538,12048847,6024424,5181004,204830,89800,0,12000,Tunis,North Africa,Africa,Non-NATO,2025,154,10,0,11,28,4,0,101,0,90,7913,0,85,0,58,0,0,0,0,0,0,0,51,0,1400000000,27084500000,1.53637E+11,9240000000,14,4445000,16,2173,20000,35000,108000,425000000,1323000000,5153000000,65129000000,0,2000,0,163610,1148,1495,0,130,2.51E-05,0.009112388,89800,0.007452995,15590.20045,89,0.001714922,0.000550089,0.050522648,116.1936906,302
Armenia,91,2.0373,2976765,1666988,1366335,44651,57500,210000,5000,Yerevan,Unknown,Unknown,Non-NATO,2025,71,4,15,3,13,0,0,36,20,109,1306,145,148,100,0,0,0,0,0,0,0,0,0,0,1700000000,9014000000,57728000000,3607000000,11,1356000,0,686,7700,0,14000,0,0,2861000000,0,60,23000,317000000,29743,0,1570,0,5,6.05E-05,0.029448448,267500,0.089862653,29565.21739,90,0.001234783,0.003664728,,571.0897568,180
Tanzania,92,2.0416,67462121,12143182,6678750,607159,27000,80000,6500,Dodoma,East Africa,Africa,Non-NATO,2025,39,14,0,6,7,0,0,12,0,62,1072,0,0,0,12,0,0,0,0,0,0,0,10,0,1406745334,18983500000,2.3405E+11,5693050000,206,31219000,8,4097,145203,0,58000,0,1808000000,1808000000,6513000000,2511000,802000,1410000000,947300,1424,4161,0,128,1.68E-06,0.006010448,107000,0.001586075,52101.67904,91,0.001444444,6.54E-05,0.008426966,20.85237335,113
Cameroon,93,2.0501,30966105,10528476,6224187,495458,40000,0,12500,Yaounde,Central Africa,Africa,Non-NATO,2025,35,0,0,6,6,2,0,21,0,0,430,18,52,20,51,0,0,0,0,0,0,0,51,0,554952283,9506000000,1.38925E+11,5754093000,37,11965000,7,987,77589,54000,40000,200000000,2595000000,877058000,1.35071E+11,0,0,0,475440,400,5018,0,23,2.78E-06,0.003994618,40000,0.001291735,13873.80708,92,0.000875,0,0.1275,17.92128145,86
Georgia,94,2.0695,4900961,2744538,2225036,93118,55000,152500,0,Tbilisi,Unknown,Unknown,Non-NATO,2025,61,0,5,2,10,0,0,44,11,123,3392,67,121,42,19,0,0,0,0,0,0,0,31,4,495629055,13488000000,83656000000,5002000000,19,1853000,3,1363,20295,300,32000,35000000,8760000,2796000000,8495000000,256000,516000,900999000,69700,310,1814,0,45,4.14E-05,0.005924609,207500,0.042338635,9011.437364,93,0.001109091,0.001764706,0.061290323,101.1289531,203
Cambodia,95,2.0752,17063669,8190561,5733393,307146,221000,0,10000,Phnom Penh,Southeast Asia,Asia,Non-NATO,2025,25,0,0,4,0,0,0,21,0,644,3627,30,430,463,20,0,0,0,0,0,0,0,20,0,860000000,13200000000,85900000000,17801000000,13,9175000,2,642,47263,0,73000,0,0,0,0,113000,2215000,0,181035,443,2530,3700,22,4.04E-05,0.010011641,221000,0.012951494,3891.402715,94,0.000113122,0.003557323,0.045146727,50.39947739,689
Slovenia,96,2.1016,2097893,1006989,826570,22867,7300,26000,5000,Ljubljana,Central Europe,Europe,NATO,2025,39,0,0,4,23,0,0,16,0,54,1428,0,18,0,2,0,0,0,0,0,0,0,2,0,886860000,55000000000,1.02036E+11,2370000000,42,1055000,2,1207,38985,0,45000,0,3863000,840902000,0,2358000,2553000,95000000,20273,47,1211,710,114,4.53E-05,0.008691638,33300,0.015873069,121487.6712,95,0.005342466,0.002663641,0.042553191,422.7384333,95
Ireland,97,2.1103,5233461,2407392,1999182,57568,7765,1700,0,Dublin,Western Europe,Europe,Non-NATO,2025,22,0,0,4,8,2,0,8,0,0,1712,0,0,0,8,0,0,0,0,0,0,0,8,0,1500000000,3.3E+12,6.08463E+11,12905000000,100,2766000,21,1688,99830,600,156000,0,1447000000,5280000000,9911000000,0,1322000,40000000,70273,1448,443,956,57,5.73E-06,0.002465228,9465,0.001808555,193174.501,96,0.002833226,0,0.005524862,286.6172118,30
Mongolia,98,2.1135,3281676,1870555,1552233,62352,35000,135000,50000,Ulaanbaatar,East Asia,Asia,Non-NATO,2025,7,0,0,3,2,0,0,2,0,420,2560,0,500,130,0,0,0,0,0,0,0,0,0,0,165110000,19542500000,56264000000,4782000000,35,1403000,0,1815,113200,15000,36000,0,0,0,0,28276000,6393000,2520000000,1564116,0,8082,580,81,0.000130116,0.002934559,170000,0.051802798,4717.428571,97,0.0002,0.000268522,,50.31270607,427
Latvia,99,2.1246,1801246,810561,648449,16211,17250,36000,12500,Riga,Northern Europe,Europe,NATO,2025,7,0,0,0,0,0,0,7,0,0,1848,47,0,0,18,0,0,0,0,0,0,0,11,6,1138000000,44180400000,71154000000,4957000000,56,978000,5,2216,70244,2000,35000,0,0,828214000,0,0,20000,0,64589,498,1370,300,69,1.39E-05,0.015993479,53250,0.029562869,65971.01449,98,0.000405797,0,0.036144578,631.7848867,25
Uruguay,100,2.1385,3425330,1575652,1322177,54805,25000,0,5000,Montevideo,South America,South America,Non-NATO,2025,43,0,6,6,12,5,2,12,0,31,3042,6,70,4,14,0,0,0,0,0,0,0,2,2,772400000,49500000000,1.05096E+11,16257000000,64,1775000,8,1673,77732,400,52000,0,0,86037000,0,0,18000,0,176215,660,1591,1600,138,2.57E-05,0.007349471,25000,0.007298567,30896,99,0.00172,0.000175921,0.021212121,225.4965215,88
Honduras,101,2.1679,9529188,4192843,3144632,95292,52225,60000,23000,Tegucigalpa,Central America,North America,Non-NATO,2025,40,4,7,10,10,1,0,8,0,11,614,0,32,0,98,0,0,0,0,0,0,0,93,0,413635000,8805500000,68854000000,7543000000,129,4676000,8,699,14742,20,67000,0,0,0,0,0,190000,0,112090,832,1575,465,50,1.56E-05,0.006007422,112225,0.011776974,7920.248923,100,0.000765917,9.81E-05,0.117788462,43.40716124,149
Ivory Coast,102,2.1796,29981758,12292521,7855221,569653,22000,0,5500,Yamoussoukro,West Africa,Africa,Non-NATO,2025,19,0,0,4,2,3,0,10,3,5,656,0,2,3,3,0,0,0,0,0,0,0,3,0,669600935,19311500000,2.02758E+11,7583484000,29,10954000,5,660,81996,29000,60000,100000000,2635000000,2635000000,28317000000,0,0,0,322463,515,3458,980,60,9.01E-07,0.003302464,22000,0.00073378,30436.40614,101,0.000863636,1.55E-05,0.005825243,22.33361149,27
Guatemala,103,2.1956,18255216,7484639,6279794,182552,106114,90000,35000,Guatemala City,Central America,North America,Non-NATO,2025,36,0,4,10,0,0,0,21,0,5,688,0,50,0,25,0,0,0,0,0,0,0,20,0,408635000,27500000000,2.23183E+11,21311000000,58,7258000,3,800,17440,6000,115000,86110000,3276000,2986000,0,0,1296000,0,108889,400,1667,990,49,3.62E-06,0.001830941,196114,0.010742902,3850.90563,102,0.000339258,4.59E-05,0.0625,22.38456121,66
Mali,104,2.2379,21990607,6817088,4288168,351850,40000,0,4800,Bamako,West Africa,Africa,Non-NATO,2025,43,9,12,7,4,1,0,10,8,10,570,0,10,20,0,0,0,0,0,0,0,0,0,0,650386000,4057500000,57235000000,647800000,30,8277000,0,593,139107,0,46000,0,0,0,0,0,0,0,1240192,0,7908,1800,77,2.41E-06,0.011363431,40000,0.001818958,16259.65,103,0.001075,8.06E-06,,29.57562745,53
Kyrgyzstan,105,2.2543,6172101,3147772,2487357,117270,23000,300000,55000,Bishkek,Central Asia,Asia,Non-NATO,2025,7,0,0,0,0,0,0,7,2,215,2686,30,169,21,0,0,0,0,0,0,0,0,0,0,221800000,6728500000,45461000000,3237000000,28,3069000,0,424,34000,6000,31000,40000000,31026000,438000000,5663000000,3637000,3352000,28499000000,199951,0,4573,576,67,3.60E-05,0.004878907,323000,0.052332261,9643.478261,104,0.000304348,0.001075263,,35.9358993,222
Laos,106,2.2663,7953556,3499565,2521277,159071,100000,30000,120000,Vientiane,Southeast Asia,Asia,Non-NATO,2025,33,0,0,2,8,0,0,23,0,160,4380,40,87,64,36,0,0,0,0,0,0,0,36,0,135000000,16500000000,64173000000,1770000000,18,3174000,0,422,39568,0,24000,0,0,0,0,14845000,13691000,62000000,236800,0,5274,4600,68,2.88E-05,0.002103688,130000,0.01634489,1350,105,0.00033,0.000675676,inf,16.97353989,229
Estonia,107,2.2917,1193791,584958,456028,13132,7700,78800,10000,Tallinn,Northern Europe,Europe,NATO,2025,5,0,0,2,3,0,0,3,0,0,1685,36,0,0,8,0,0,0,0,0,0,0,4,4,1463360000,26400000000,57377000000,2593000000,26,752000,20,1441,58412,24000,28000,0,0,354912000,0,0,3000,0,45228,3794,657,335,40,1.09E-05,0.025504296,86500,0.072458244,190046.7532,106,0.000649351,0,0.002108593,1225.809208,13
Tajikistan,108,2.3049,10394063,4781269,3773045,176699,9500,600000,20000,Dushanbe,Central Asia,Asia,Non-NATO,2025,25,0,0,1,4,0,0,20,6,38,1240,3,13,20,0,0,0,0,0,0,0,0,0,0,446000000,7150000000,46467000000,2748900000,19,2677000,0,680,30000,300,28000,12000000,18476000,85567000,5663000000,2175000,2245000,4075000000,144100,0,4130,200,127,6.06E-06,0.009598209,609500,0.058639244,46947.36842,107,0.002631579,0.000263706,,42.90911071,63
Zambia,109,2.3411,20799116,7279691,4139024,374384,15150,0,1200,Lusaka,Southern Africa,Africa,Non-NATO,2025,77,0,0,13,34,0,0,32,0,35,424,12,30,25,0,0,0,0,0,0,0,0,0,0,394240000,13200000000,76493000000,2861000000,119,7051000,0,3126,67671,0,34000,0,0,0,0,831000,823000,944999000,752618,0,6043,0,143,5.38E-06,0.005153936,15150,0.000728396,26022.44224,108,0.005082508,4.65E-05,,18.95465173,112
Ghana,110,2.3775,34589092,14873310,9961658,622604,15500,0,0,Accra,West Africa,Africa,Non-NATO,2025,19,0,0,2,5,2,0,10,0,0,1824,0,6,6,28,0,0,0,0,0,0,0,27,0,308500000,22550000000,2.29639E+11,3624000000,11,14887000,4,947,65725,174000,110000,660000000,3192000000,3912000000,22653000000,0,85000,0,238533,539,2420,1293,47,1.36E-06,0.001343413,15500,0.000448118,19903.22581,109,0.001225806,0,0.051948052,8.918996775,47
Zimbabwe,111,2.3863,17150352,6517134,3721626,360157,29000,0,21800,Harare,Southern Africa,Africa,Non-NATO,2025,95,13,0,14,40,0,0,28,6,15,828,0,0,0,0,0,0,0,0,0,0,0,0,0,530800000,11000000000,58583000000,115530000,144,6561000,0,3427,97267,800,29000,0,0,0,0,3877000,4479000,502000000,390757,0,3229,0,144,6.41E-06,0.009060649,29000,0.001690927,18303.44828,110,0.003275862,3.84E-05,,30.94980208,110
North Macedonia,112,2.4042,2135622,948216,783773,27763,9000,60000,3500,Skopje,Balkans,Europe,NATO,2025,20,0,0,0,10,0,0,10,4,20,1108,0,150,17,0,0,0,0,0,0,0,0,0,0,388421700,11000000000,42444000000,5015000000,13,801000,0,699,14182,0,22000,0,0,274928000,0,5075000,5776000,332000000,25713,0,838,0,94,1.87E-05,0.009151392,69000,0.032309088,43157.96667,111,0.002222222,0.000777817,,181.8775514,40
South Sudan,113,2.4321,12703714,6351857,4065188,330297,185000,0,0,Juba,East Africa,Africa,Non-NATO,2025,20,0,0,5,0,0,0,15,6,30,1950,24,0,15,0,0,0,0,0,0,0,0,0,0,175300000,2475000000,20010000000,183615000,82,4471000,0,248,90200,146000,14000,3750000000,0,0,0,0,0,0,644329,0,6018,0,118,3.94E-06,0.00876062,185000,0.01456267,947.5675676,112,0.000108108,4.66E-05,,13.79911418,50
Uganda,114,2.4767,49283041,16756234,9905891,985661,45000,0,10000,Kampala,East Africa,Africa,Non-NATO,2025,51,6,0,0,12,0,0,30,6,259,3862,6,26,12,0,0,0,0,0,0,0,0,0,0,985400000,11818000000,1.35668E+11,3506500000,39,18881000,0,1244,20544,0,43000,2500000000,0,0,14158000000,0,0,800000000,241038,0,2729,0,133,6.29E-06,0.007263319,45000,0.000913093,21897.77778,113,0.001133333,0.001074519,,19.99470771,310
Lebanon,115,2.5981,5364482,2092148,1775644,69738,60000,35000,65000,Beirut,Middle East,Asia,Non-NATO,2025,80,0,9,0,9,0,0,68,0,116,4538,12,353,11,64,0,0,0,0,0,0,0,61,0,768250325,36928000000,65818000000,26498095000,8,1771000,5,401,21705,0,174000,0,0,0,0,0,207000,0,10400,225,484,0,70,4.85E-05,0.011672344,95000,0.017709072,12804.17208,114,0.001333333,0.011153846,0.284444444,143.2105327,260
Namibia,116,2.6384,2803660,616805,400923,30840,13000,0,5000,Windhoek,Southern Africa,Africa,Non-NATO,2025,34,11,0,3,14,0,0,7,2,4,2094,0,25,25,15,0,0,0,0,0,0,2,12,0,370500000,8800000000,29944000000,2956000000,255,989000,2,2628,48875,0,25000,0,0,0,62297000000,0,32000,350000000,824292,1572,4220,0,86,1.89E-05,0.012373096,13000,0.004636796,28500,115,0.002615385,4.85E-06,0.009541985,132.1486914,53
Luxembourg,117,2.6415,671254,154388,92633,3356,1000,0,0,Luxembourg,Western Europe,Europe,NATO,2025,1,0,0,1,0,0,0,0,0,0,182,0,0,0,0,0,0,0,0,0,0,0,0,0,726092925,4.73E+12,88533000000,2977000000,3,352000,0,271,2875,0,51000,0,0,594240000,0,0,62000,0,2586,0,327,37,74,1.49E-06,0.008201382,1000,0.001489749,726092.925,116,0.001,0,,1081.696236,1
Afghanistan,118,2.6442,40121552,15647405,8826741,842553,0,0,80000,Kabul,South Asia,Asia,Non-NATO,2025,9,0,0,3,0,0,0,6,1,0,5202,0,0,0,0,0,0,0,0,0,0,0,0,0,290000000,1142500000,54772700000,8852092000,67,8921000,0,0,34903,0,2700,0,80200000,80200000,49554000000,4885000,1545000,66000000,652230,0,5987,1200,0,2.24E-07,0.005294608,0,0,inf,117,inf,0,,7.228035446,9
Niger,119,2.6689,26342784,7902835,5294900,447827,25000,0,5000,Niamey,West Africa,Africa,Non-NATO,2025,26,0,2,7,0,2,0,13,1,0,456,0,0,0,0,0,0,0,0,0,0,0,0,0,336400000,3844000000,44561000000,1442772000,26,10237000,0,0,18949,6000,13000,150000000,29509000,29858000,0,457000,457000,90000000,1267000,0,5834,300,91,9.87E-07,0.007549202,25000,0.000949026,13456,118,0.00104,0,,12.77010053,26
Eritrea,120,2.6985,6343956,2220385,1598677,76127,120000,130000,0,Asmara,East Africa,Africa,Non-NATO,2025,20,1,0,5,1,0,0,13,6,65,860,23,75,22,23,0,0,0,0,0,0,0,18,0,198000000,635504500,9702000000,225014976,10,1800000,2,306,16000,0,4000,0,0,0,0,0,0,0,117600,2234,1840,0,39,1.70E-05,0.020408163,250000,0.039407587,1650,119,0.000166667,0.000552721,0.010295434,31.21080915,108
Republic of the Congo,121,2.7282,6097665,2256136,1353682,115856,8500,0,2500,Brazzaville,Central Africa,Africa,Non-NATO,2025,13,2,0,4,0,0,0,7,1,30,644,2,38,30,4,0,0,0,0,0,0,0,0,0,306400000,5741000000,38163000000,715391000,56,2461000,5,510,23324,267000,12000,2885000000,423000000,423000000,2.8399E+11,0,0,0,342000,169,5008,1120,105,7.71E-06,0.008028719,8500,0.001393976,36047.05882,120,0.001529412,8.77E-05,0.023668639,50.24874276,47
Botswana,122,2.7509,2450668,1029281,617568,24507,21000,0,0,Gaborone,Southern Africa,Africa,Non-NATO,2025,45,11,0,9,9,0,0,16,0,45,1224,12,36,20,0,0,0,0,0,0,0,0,0,0,465600000,1853500000,46742000000,4756000000,122,1170000,0,888,31747,0,21000,0,0,0,0,2634000,2291000,1660000000,581730,0,4347,0,18,3.67E-05,0.009961063,21000,0.008569092,22171.42857,121,0.002142857,7.74E-05,,189.9890152,90
Mauritania,123,2.7977,4328040,1687936,1181555,82233,31540,66000,5000,Nouakchott,Unknown,Unknown,Non-NATO,2025,24,0,4,7,7,2,0,4,0,25,628,0,75,0,6,0,0,0,0,0,0,0,6,0,261250000,3661000000,30395000000,2629290500,25,1179000,2,728,12253,0,29000,20000000,0,0,28317000000,0,0,0,1030700,754,5002,1086,78,1.27E-05,0.008595164,97540,0.02253676,8283.13253,122,0.000760938,2.43E-05,0.00795756,60.36219628,55
Dominican Republic,124,2.8023,10815857,4975294,4034315,97343,50000,0,30000,Santo Domingo,Caribbean,North America,Non-NATO,2025,79,0,8,11,17,1,0,50,0,5,540,0,11,0,34,0,0,0,0,0,0,0,14,0,810800000,27500000000,2.61616E+11,15547000000,32,5302000,17,496,19705,0,134000,0,0,2440000000,0,0,2188000,0,48320,1288,376,0,35,1.09E-05,0.003099199,50000,0.004622842,16216,123,0.00158,0.000103477,0.026397516,74.96400886,118
Senegal,125,2.8116,18847519,7162057,4089912,395798,17000,0,0,Dakar,West Africa,Africa,Non-NATO,2025,40,0,0,5,23,1,0,20,5,0,1740,0,20,6,4,0,0,0,0,0,0,0,4,0,465150000,11326000000,77382000000,889295000,19,5257000,6,906,16665,9000,55000,0,54646000,54498000,0,0,502000,0,196722,531,2684,1000,109,2.33E-06,0.006011088,17000,0.000901975,27361.76471,124,0.002352941,0,0.007532957,24.67964086,44
Nepal,126,2.8915,31122387,15249970,11733140,778060,95000,0,15000,Kathmandu,South Asia,Asia,Non-NATO,2025,15,0,0,5,0,0,0,10,0,0,1108,0,14,0,0,0,0,0,0,0,0,0,0,0,409100000,5838500000,1.4431E+11,12456000000,51,8937000,0,59,27990,0,62000,0,0,0,0,15000,1095000,8000000,147181,0,3159,0,87,4.82E-07,0.002834869,95000,0.003052465,4306.315789,125,0.000157895,0,,13.14487864,15
Montenegro,127,2.9216,599849,143964,85179,3599,2350,0,5500,Podgorica,Balkans,Europe,NATO,2025,11,0,0,0,0,0,0,11,0,0,471,0,12,12,14,0,0,0,0,0,0,0,2,0,148100000,2958500000,17115000000,1574000000,5,286000,4,250,7762,0,8000,0,0,0,0,1734000,1517000,337000000,13812,294,680,0,82,4.17E-05,0.008653228,2350,0.003917653,63021.2766,126,0.004680851,0,0.047619048,246.8954687,25
El Salvador,128,2.9371,6628702,3181777,2512278,145831,25000,10000,15000,San Salvador,Central America,North America,Non-NATO,2025,52,0,15,4,10,0,0,30,0,0,1844,0,76,0,14,0,0,0,0,0,0,0,10,0,334620000,14258000000,71957000000,3799434000,27,2870000,3,13,9012,3,58000,0,0,226472,0,0,500,0,21041,307,590,422,38,9.96E-06,0.004650277,35000,0.005280068,13384.8,127,0.00208,0,0.045602606,50.48047114,66
Burkina Faso,129,2.9734,23042199,8525614,6060098,368675,12000,0,4500,Ouagadougou,West Africa,Africa,Non-NATO,2025,25,0,3,2,0,2,0,18,5,0,491,0,8,9,0,0,0,0,0,0,0,0,0,0,81280000,3145000000,57152000000,47138000,49,8577000,0,622,15304,0,36000,0,0,0,0,0,0,0,274200,0,3611,0,21,1.08E-06,0.001422172,12000,0.000520784,6773.333333,128,0.002083333,0,,3.527441109,25
Madagascar,130,3.0609,29452714,11192031,7952233,559602,13500,0,8100,Antananarivo,East Africa,Africa,Non-NATO,2025,5,0,0,0,0,0,0,5,0,6,158,0,9,0,6,0,0,0,0,0,0,0,4,0,112210000,3028500000,51255000000,2632000000,91,15830000,13,836,31640,0,19000,0,0,0,0,0,511000,150000000,587040,4828,0,600,75,5.77E-07,0.00218925,13500,0.000458362,8311.851852,129,0.00037037,1.02E-05,0.001242751,3.809835657,17
Nicaragua,131,3.0966,6676948,3271705,2777610,146893,45000,0,5500,Managua,Central America,North America,Non-NATO,2025,17,0,0,5,1,0,0,11,0,89,1869,0,0,0,23,0,0,0,0,0,0,0,23,0,92000000,9053000000,51088000000,5447000000,39,3264000,5,0,23897,200,36000,0,0,0,0,0,0,0,130370,910,1253,2220,90,1.93E-05,0.001800814,45000,0.006739606,2044.444444,130,0.000377778,0.000682672,0.025274725,13.77875041,129
Bosnia and Herzegovina,132,3.0799,3798671,2355176,1956316,49383,12770,6000,0,Sarajevo,Balkans,Europe,Non-NATO,2025,22,0,0,0,0,0,0,22,0,45,720,0,457,79,0,0,0,0,0,0,0,0,0,0,216400000,7760500000,63769000000,9205000000,13,1369000,1,965,22926,0,36000,0,0,225824000,0,14114000,14766000,2264000000,51197,20,1543,990,17,1.76E-05,0.003393498,18770,0.004941202,16945.96711,131,0.001722788,0.000878958,0,56.96729198,67
Gabon,133,3.1805,2455105,932940,532758,46647,4800,0,2500,Libreville,Central Africa,Africa,Non-NATO,2025,24,6,0,3,0,0,0,15,0,0,424,0,0,14,5,0,0,0,0,0,0,0,4,0,274820000,6280000000,48201000000,1568196000,40,763000,9,649,14300,204000,16000,2000000000,463000000,463000000,25995000000,0,0,0,267667,885,3261,1600,44,1.18E-05,0.005701541,4800,0.00195511,57254.16667,132,0.005,0,0.005649718,111.9381859,29
Moldova,134,3.2555,3599528,2159717,1792565,71991,8500,67000,2000,Chisinau,Eastern Europe,Europe,Non-NATO,2025,3,0,0,1,0,0,0,2,0,0,500,9,67,11,0,0,0,0,0,0,0,0,0,0,1710000000,4565500000,38969000000,5453000000,11,1464000,0,1171,9352,0,22000,0,10000,2344000000,0,0,120000,0,33851,0,1885,558,80,8.33E-07,0.043881034,75500,0.020974972,201176.4706,133,0.000352941,0,,475.0622859,3
Iceland,135,3.5181,364036,83728,50237,1820,0,0,0,Reykjavik,Northern Europe,Europe,NATO,2025,0,0,0,0,0,0,0,0,0,0,150,0,0,0,0,0,0,0,0,0,0,0,0,0,312400000,22000000000,26155000000,5809000000,83,239000,43,0,12898,0,18000,0,0,0,0,0,188000,0,100250,4970,0,0,52,0,0.011944179,0,0,inf,134,,0,0,858.1568856,0
Panama,136,3.6575,4470241,2011608,1206965,53643,0,0,80000,Panama City,Central America,North America,Non-NATO,2025,38,0,0,13,0,2,0,23,0,0,262,0,0,0,30,0,0,0,0,0,0,0,27,0,917202000,1.11553E+12,1.59867E+11,6757000000,76,2096000,12,77,11978,0,146000,0,0,389611000,0,0,837000,0,75420,2490,687,800,98,1.52E-05,0.005737282,0,0,inf,135,inf,0,0.012048193,205.1795418,68
Beliz,137,3.7191,415789,158000,90226,8732,1650,850,0,Belmopan,Central America,North America,Non-NATO,2025,3,0,0,1,0,1,0,1,0,0,130,0,0,0,8,0,0,0,0,0,0,0,8,0,29538000,1248000000,5257000000,473729000,27,190000,2,0,3281,800,5000,6700000,0,0,0,0,0,0,22966,386,542,825,13,2.65E-05,0.005618794,2500,0.006012665,17901.81818,136,0.001818182,0,0.020725389,71.04084043,11
Liberia,138,3.7781,5437249,2392390,1913912,65247,1500,0,5500,Monrovia,West Africa,Africa,Non-NATO,2025,0,0,0,0,0,0,0,0,0,0,300,0,0,0,4,0,0,0,0,0,0,0,4,0,364800000,830923000,8884000000,599660000,99,2499000,4,429,10600,0,4000,0,0,0,0,0,0,0,111369,579,1667,0,71,7.36E-07,0.041062584,1500,0.000275875,243200,137,0,0,0.006908463,67.09275224,4
Suriname,139,3.9127,646758,142287,84079,3234,2000,0,200,Paramaribo,South America,South America,Non-NATO,2025,3,0,0,0,0,0,0,3,0,0,650,0,0,0,17,0,0,0,0,0,0,0,17,0,144000000,2200000000,11824000000,1346000000,55,250000,4,0,4304,14000,15000,89000000,7109000,6967000,0,0,0,0,163820,386,1907,1200,122,3.09E-05,0.01217862,2000,0.003092347,72000,138,0.0015,0,0.044041451,222.6489661,20
Sierra Leone,140,3.9701,9121049,2006631,1203978,45605,13000,0,0,Freetown,West Africa,Africa,Non-NATO,2025,1,0,0,0,0,0,0,1,0,0,150,0,0,0,7,0,0,0,0,0,0,0,7,0,228600000,2687000000,14633000000,495699000,8,2913000,3,0,11701,0,9000,0,0,0,0,0,0,0,71740,402,1093,800,111,8.77E-07,0.015622224,13000,0.001425275,17584.61538,139,7.69E-05,0,0.017412935,25.06290669,8
Kosovo,141,4.9141,1977093,917371,743387,17794,10000,5000,500,Pristina,Balkans,Europe,Non-NATO,2025,0,0,0,0,0,0,0,0,0,0,737,0,0,0,0,0,0,0,0,0,0,0,0,0,260715150,2750000000,23794000000,1245000000,4,500300,0,437,2012,0,15000,0,0,0,0,9074000,8927000,1564000000,10887,0,714,0,65,0,0.01095718,15000,0.007586897,26071.515,140,0,0,,131.8679243,0
Somalia,142,4.2037,13017273,2993973,1796384,130173,15000,0,2000,Mogadishu,East Africa,Africa,Non-NATO,2025,0,0,0,0,0,0,0,0,0,0,682,0,0,0,10,0,0,0,0,0,0,0,10,0,171002350,5830000000,26351000000,16747500,38,3277000,6,0,15000,0,6000,0,0,0,5663000000,0,0,0,637657,3025,2385,0,115,7.68E-07,0.006489406,15000,0.001152315,11400.15667,141,0,0,0.003305785,13.13657246,10
Central African Republic,143,4.2347,5650957,2203873,1254512,101717,10000,0,1000,Bangui,Central Africa,Africa,Non-NATO,2025,6,0,6,0,0,0,0,0,0,0,228,0,0,0,0,0,0,0,0,0,0,0,0,0,45990000,666293000,5849000000,374405000,43,2114000,0,0,24000,0,2000,0,0,0,0,0,0,3000000,622984,0,5920,2800,25,1.06E-06,0.007862883,10000,0.001769612,4599,142,0.0006,0,,8.138444515,6
Benin,144,4.3156,14697052,5584880,3189260,308638,4750,0,0,Porto-Novo,West Africa,Africa,Non-NATO,2025,5,0,0,0,0,0,0,5,0,0,92,0,16,0,2,0,0,0,0,0,0,0,2,0,98350000,4066500000,52510000000,698900000,10,4964000,1,438,16000,0,46000,8000000,0,182131000,1133000000,0,45000,0,112622,121,2123,150,14,4.76E-07,0.001872977,4750,0.000323194,20705.26316,143,0.001052632,0,0.016528926,6.691818196,7
Bhutan,145,6.3934,884546,203446,122067,4423,7500,0,0,Thimphu,South Asia,Asia,Non-NATO,2025,2,0,0,0,0,0,0,2,0,0,84,0,0,0,0,0,0,0,0,0,0,0,0,0,14000000,2757000000,10981000000,976260000,4,430000,0,0,12205,0,3000,0,0,0,0,177000,325000,0,38394,0,1136,0,15,2.26E-06,0.001274929,7500,0.008478926,1866.666667,144,0.000266667,0,,15.82732837,2
